{
  "case": "kerr220",
  "error": "TSNPE rejection sampler could not collect 100000 points (got 13721, total_drawn=16777216).",
  "error_type": "RuntimeError",
  "heartbeat_log": "C:\\Users\\97747\\GW QNM EMRI PROJECT\\2404.11373v3\\2404.11373\\reports\\posteriors\\fig1_paper_precision\\kerr220_20260307-130724\\kerr220_heartbeat.log",
  "latest_status": {
    "acceptance_rate_in_round": 0.03796765819099379,
    "device": "cuda:0",
    "epochs_trained_this_round": 115,
    "event": "round_complete",
    "heartbeat_interval_seconds": 60.0,
    "inferred_num_epochs": 115,
    "num_simulations": 100000,
    "phase": "complete",
    "phase_elapsed_seconds": 3.699030876159668,
    "probe_acceptance_rate": 0.0006600000197067857,
    "round_index": 2,
    "state": "running",
    "stop_by_ratio": false,
    "stop_eligible": false,
    "stop_reason": "insufficient_rounds",
    "timestamp": 1772866858.82939,
    "truncated_prior_volume": 0.0006103515625,
    "volume_ratio_to_previous": 0.015748031496062992
  },
  "partial_diagnostics": [
    {
      "acceptance_rate_in_round": 1.0,
      "appended_simulations": 50000,
      "epochs_trained_this_round": 78,
      "hpd_log_prob_threshold": -6.432359218597412,
      "inferred_num_epochs": 78,
      "num_simulations": 50000,
      "probe_acceptance_rate": 0.03790000081062317,
      "probe_logp_q01": -27.17152214050293,
      "probe_logp_q50": -18.69317626953125,
      "probe_logp_q99": -2.734910726547241,
      "probe_samples": 50000,
      "round_index": 1,
      "round_total_seconds": 397.445184469223,
      "simulation_seconds": 5.317352056503296,
      "stop_by_ratio": false,
      "stop_eligible": false,
      "stop_reason": "first_round",
      "training_seconds": 390.6368763446808,
      "truncated_prior_volume": 0.03875732421875,
      "truncation_seconds": 1.3617074489593506,
      "volume_ratio_to_previous": null
    },
    {
      "acceptance_rate_in_round": 0.03796765819099379,
      "appended_simulations": 100000,
      "epochs_trained_this_round": 115,
      "hpd_log_prob_threshold": -2.1498425006866455,
      "inferred_num_epochs": 115,
      "num_simulations": 100000,
      "probe_acceptance_rate": 0.0006600000197067857,
      "probe_logp_q01": -86.89515686035156,
      "probe_logp_q50": -53.08266830444336,
      "probe_logp_q99": -10.4675931930542,
      "probe_samples": 50000,
      "round_index": 2,
      "round_total_seconds": 6411.0557861328125,
      "simulation_seconds": 10.725622415542603,
      "stop_by_ratio": false,
      "stop_eligible": false,
      "stop_reason": "insufficient_rounds",
      "training_seconds": 6390.535839557648,
      "truncated_prior_volume": 0.0006103515625,
      "truncation_seconds": 3.7080299854278564,
      "volume_ratio_to_previous": 0.015748031496062992
    }
  ],
  "status_path": "C:\\Users\\97747\\GW QNM EMRI PROJECT\\2404.11373v3\\2404.11373\\reports\\posteriors\\fig1_paper_precision\\kerr220_20260307-130724\\kerr220_status.json",
  "traceback": "Traceback (most recent call last):\n  File \"C:\\Users\\97747\\GW QNM EMRI PROJECT\\2404.11373v3\\2404.11373\\scripts\\08_run_fig1_paper_precision.py\", line 473, in main\n    posterior, diagnostics = runner.run()\n                             ^^^^^^^^^^^^\n  File \"C:\\Users\\97747\\GW QNM EMRI PROJECT\\2404.11373v3\\2404.11373\\src\\rd_sbi\\inference\\tsnpe_runner.py\", line 364, in run\n    theta, acceptance_rate = self._rejection_sample_truncated_prior(\n                             ^^^^^^^^^^^^^^^^^^^^^^^^^^^^^^^^^^^^^^^\n  File \"C:\\Users\\97747\\GW QNM EMRI PROJECT\\2404.11373v3\\2404.11373\\src\\rd_sbi\\inference\\tsnpe_runner.py\", line 296, in _rejection_sample_truncated_prior\n    raise RuntimeError(\nRuntimeError: TSNPE rejection sampler could not collect 100000 points (got 13721, total_drawn=16777216).\n"
}