{
  "cases": {
    "kerr220": {
      "area_ratio_90_sbi_over_pyring": 4.177304964539007,
      "ks_Mf_D": 0.39494999999999997,
      "ks_chi_D": 0.39695,
      "pyring_path": "C:\\Users\\97747\\GW QNM EMRI PROJECT\\2404.11373v3\\2404.11373\\reports\\posteriors\\pyring\\kerr220_pyring.npz",
      "pyring_samples": 20000,
      "sbi_path": "C:\\Users\\97747\\GW QNM EMRI PROJECT\\2404.11373v3\\2404.11373\\reports\\posteriors\\fig1_paper_precision\\kerr220_20260308-111922\\kerr220_sbi_posterior_20000.npz",
      "sbi_samples": 20000,
      "wasserstein_Mf": 4.275812056956052,
      "wasserstein_chi": 0.1272997990299593
    }
  },
  "failures": {}
}